 ,Current headcount by department ,,,,,,,,,,,,,,,,,,,,,,,,,,,,
,Month,Apr'26,,,,,,,,,,,,,,,,,,,,,,,,,,,
,,,,,,,,,,,,,,,,,,,,,,,,,,,,,
,Total, 322 , 616 , 29 , 78 , 127 , 418 ," 1,589 "," 198,148 "," 266,753 "," 15,350 "," 24,029 "," 110,119 "," 201,170 "," 25,860 "," 34,055 "," 2,082 "," 877,566 ",," 5,759 "," 5,241 ",,,,,,,,
,,Headcount,,,,,,,Staffing cost,,,,,,,,,,,,,,,,,,,1-Apr-26,
,Club,Sales,PT,Hypoxi,GX,Yoga,MS,Total HC,SALES,PT,HYPOXI,GX,Yoga,MS,CMO,CALIFRESH,Retail,Total club staffing costs,,DS,MR,,,,,Club,Department,No. of HC,Staffing cost (USD)
,HVP, 15 , 35 , 3 , 3 , 4 , 17 , 76 ," 9,114 "," 11,745 ", 894 , 758 ," 3,640 "," 8,253 "," 1,015 "," 1,125 ", 69 ," 36,613 ",, 193 , 151 ,,,,,HVP,Sales, 12.4 ," 9,114 "
,SCT, 23 , 16 , 5 , 4 , 4 , 20 , 73 ," 11,497 "," 6,016 "," 1,959 "," 1,130 "," 2,962 "," 9,174 ", 641 ," 1,316 ", 69 ," 34,764 ",, 102 , 138 ,,,,,HVP,PT, 31.0 ," 11,745 "
,PCO, 10 , 25 , 4 , 3 , 5 , 18 , 64 ," 6,015 "," 11,521 "," 1,305 "," 1,305 "," 3,447 "," 8,134 ", 783 ," 1,291 ", 69 ," 33,869 ",, 262 , 165 ,,,,,HVP,Hypoxi, 2.6 , 894 
,CPT, 13 , 23 , -   , 3 , 4 , 15 , 59 ," 6,929 "," 8,409 ", -   , 855 ," 4,111 "," 7,533 "," 1,314 "," 1,022 ", 69 ," 30,243 ",, 164 , 326 ,,,,,HVP,GX, 7.4 , 758 
,RCC, 10 , 18 , -   , 3 , 3 , 19 , 53 ," 6,646 "," 7,404 ", -   , 783 ," 3,234 "," 9,645 ", 863 ," 1,277 ", 69 ," 29,922 ",, 211 , 326 ,,,,,HVP,Yoga, 3.4 ," 3,640 "
,TCM, 13 , 23 , 2 , 4 , 5 , 17 , 64 ," 8,221 "," 10,027 "," 1,006 ", 932 ," 3,708 "," 7,114 ", 863 ," 1,353 ", 69 ," 33,293 ",, 102 , 326 ,,,,,HVP,MS, 16.6 ," 8,253 "
,DNG, 13 , 26 , -   , 4 , 9 , 19 , 71 ," 9,100 "," 10,464 "," 1,184 "," 1,056 "," 7,627 "," 8,580 "," 1,502 "," 1,718 ", 69 ," 41,302 ",, 197 , 172 ,,,,,HVP,CMO, 1.7 ," 1,015 "
,FDC, 9 , 14 , -   , 2 , 4 , 12 , 42 ," 5,756 "," 6,059 ", -   , 460 ," 4,173 "," 5,769 ", 790 , 885 , 69 ," 23,962 ",, 192 , 135 ,,,,,HVP,CALIFRESH, 3.9 ," 1,194 "
,TDC, 9 , 20 , -   , 2 , 6 , 14 , 51 ," 5,113 "," 10,479 ", -   , 697 ," 3,655 "," 6,318 ", 741 ," 1,227 ", 69 ," 28,299 ",, 166 , 172 ,,,,,,,,
,BDS, 8 , 17 , -   , 2 , 4 , 10 , 41 ," 4,403 "," 6,153 ", -   , 547 ," 2,538 "," 5,164 ", 590 , 640 , 69 ," 20,104 ",, 178 , 135 ,,,,,SCT,Sales, 22.7 ," 11,497 "
,VVO, 14 , 20 , 3 , 3 , 4 , 14 , 57 ," 5,668 "," 10,174 "," 1,065 "," 1,869 "," 4,058 "," 6,933 "," 1,063 "," 1,295 ", 69 ," 32,193 ",, 262 , 151 ,,,,,SCT,PT, 16.9 ," 6,016 "
,PBH, 9 , 17 , -   , 2 , 5 , 12 , 45 ," 6,700 "," 5,719 ", -   , 385 ," 5,320 "," 5,491 ", 590 ," 1,035 ", 69 ," 25,309 ",, 193 , 165 ,,,,,SCT,Hypoxi, 6.3 ," 1,959 "
,NTC, 7 , 18 , -   , 2 , 5 , 14 , 47 ," 4,040 "," 8,885 ", -   ," 1,220 "," 3,502 "," 6,573 "," 1,190 "," 1,317 ", 69 ," 26,796 ",, 211 , 135 ,,,,,SCT,GX, 8.9 ," 1,130 "
,CTC, 13 , 27 , 3 , 3 , 5 , 18 , 69 ," 8,860 "," 12,487 ", 979 , 791 ," 4,810 "," 8,131 "," 1,384 "," 1,394 ", 69 ," 38,906 ",, 166 , 165 ,,,,,SCT,Yoga, 3.0 ," 2,962 "
,PCH, 15 , 14 , -   , 3 , 3 , 14 , 48 ," 10,364 "," 6,240 ", -   , 766 ," 2,460 "," 6,049 ", 792 , 644 , 69 ," 27,384 ",, 211 , 138 ,,,,,SCT,MS, 20.0 ," 9,174 "
,AMY, 6 , 13 , -   , 1 , 5 , 11 , 36 ," 5,573 "," 7,610 ", -   , 168 ," 3,679 "," 5,243 ", 754 ," 1,131 ", 69 ," 24,228 ",, 192 , 135 ,,,,,SCT,CMO, 1.1 , 641 
,MPC, 8 , 17 , 1 , 6 , 3 , 13 , 48 ," 6,711 "," 8,415 ", 954 ," 1,885 "," 3,019 "," 6,953 ", 596 , 769 , 69 ," 29,371 ",, 164 , 138 ,,,,,SCT,CALIFRESH, 4.1 ," 1,385 "
,HDY, 11 , 15 , -   , 1 , 4 , 7 , 39 ," 7,850 "," 7,288 ", -   , 300 ," 3,715 "," 3,634 ", 792 , 823 , 69 ," 24,472 ",, 197 , 151 ,,,,,,,,
,TDU, 12 , 36 , -   , 3 , 7 , 17 , 74 ," 6,825 "," 17,095 ", 742 ," 1,225 "," 7,671 "," 8,801 ", 505 ," 1,542 ", 69 ," 44,475 ",, 302 , 172 ,,,,,PCO,Sales, 10.8 ," 6,015 "
,GVC, 9 , 13 , -   , 2 , 6 , 12 , 42 ," 4,567 "," 6,238 ", -   , 597 ," 3,648 "," 5,775 ", 505 ," 1,300 ", 69 ," 22,698 ",, 218 , 165 ,,,,,PCO,PT, 24.5 ," 11,521 "
,WPC, 12 , 21 , -   , 3 , 4 , 18 , 58 ," 11,399 "," 8,579 "," 2,482 ", 770 ," 3,632 "," 8,574 ", 596 , 973 , 69 ," 37,073 ",, 200 , 138 ,,,,,PCO,Hypoxi, 3.6 ," 1,305 "
,HDC, 7 , 17 , -   , 3 , 4 , 17 , 48 ," 5,103 "," 6,720 ", -   , 837 ," 3,689 "," 7,956 "," 1,314 "," 1,070 ", 69 ," 26,759 ",, 163 , 326 ,,,,,PCO,GX, 7.5 ," 1,305 "
,LMC, 17 , 31 , 3 , 2 , 5 , 15 , 72 ," 10,822 "," 13,300 ", 985 , 431 ," 3,647 "," 7,885 "," 1,063 "," 1,208 ", 69 ," 39,411 ",, 277 , 135 ,,,,,PCO,Yoga, 3.8 ," 3,447 "
,GDC, 7 , 38 , -   , 2 , 2 , 11 , 59 ," 4,555 "," 16,863 ", -   , 881 ," 1,878 "," 5,581 ", 773 ," 1,453 ", 69 ," 32,053 ",, 193 , 172 ,,,,,PCO,MS, 17.5 ," 8,134 "
,GMC, 11 , 15 , 3 , 2 , 4 , 12 , 47 ," 5,857 "," 5,497 ", 646 , 341 ," 3,496 "," 5,971 ", 769 , 771 , 69 ," 23,418 ",, 218 , 151 ,,,,,PCO,CMO, 1.2 , 783 
,VTC, 7 , 8 , -   , 3 , 3 , 8 , 29 ," 3,745 "," 2,631 ", -   ," 1,047 "," 2,538 "," 4,027 "," 1,076 "," 1,275 ", 69 ," 16,408 ",, 178 , 172 ,,,,,PCO,CALIFRESH, 4.7 ," 1,360 "
,MAC, 9 , 11 , -   , 1 , 3 , 10 , 34 ," 5,065 "," 5,492 ", -   , 457 ," 1,626 "," 4,589 ", 641 , 836 , 69 ," 18,775 ",, 211 , 151 ,,,,,,,,
,AMU, 9 , 13 , -   , 1 , 2 , 11 , 36 ," 4,375 "," 6,102 ", -   , 297 ," 1,375 "," 4,563 ", 773 ," 1,151 ", 69 ," 18,706 ",, 166 , 165 ,,,,,CPT,Sales, 12.9 ," 6,929 "
,VSC, 7 , 15 , -   , 2 , 3 , 10 , 37 ," 3,339 "," 7,362 ", -   , 444 ," 2,536 "," 5,220 ", 792 , 936 , 69 ," 20,699 ",, 102 , 138 ,,,,,CPT,PT, 21.9 ," 8,409 "
,TTC, 6 , 38 , 4 , 3 , 5 , 15 , 70 ," 3,939 "," 15,775 "," 1,149 ", 796 ," 4,726 "," 7,535 ", 790 ," 1,281 ", 69 ," 36,061 ",, 166 , 135 ,,,,,CPT,Hypoxi, -   , -   
,,,,,,,,,,,,,,,,,,,,,,,,,,CPT,GX, 6.1 , 855 
,,,,,,,,,,,,,,,,,,,,,,,,,,CPT,Yoga, 3.8 ," 4,111 "
,,,,,,,,,,,,,,,,,,,,,,,,,,CPT,MS, 14.5 ," 7,533 "
,,,,,,,,,,,,,,,,,,,,,,,,,,CPT,CMO, 1.9 ," 1,314 "
,,,,,,,,,,,,,,,,,,,,,,,,,,CPT,CALIFRESH, 3.8 ," 1,092 "
,,,,,,,,,,,,,,,,,,,,,,,,,,,,,
,,,,,,,,,,,,,,,,,,,,,,,,,,RCC,Sales, 9.7 ," 6,646 "
,,,,,,,,,,,,,,,,,,,,,,,,,,RCC,PT, 17.9 ," 7,404 "
,,,,,,,,,,,,,,,,,,,,,,,,,,RCC,Hypoxi, -   , -   
,,,,,,,,,,,,,,,,,,,,,,,,,,RCC,GX, 5.0 , 783 
,,,,,,,,,,,,,,,,,,,,,,,,,,RCC,Yoga, 2.7 ," 3,234 "
,,,,,,,,,,,,,,,,,,,,,,,,,,RCC,MS, 18.5 ," 9,645 "
,,,,,,,,,,,,,,,,,,,,,,,,,,RCC,CMO, 1.4 , 863 
,,,,,,,,,,,,,,,,,,,,,,,,,,RCC,CALIFRESH, 3.9 ," 1,346 "
,,,,,,,,,,,,,,,,,,,,,,,,,,,,,
,,,,,,,,,,,,,,,,,,,,,,,,,,TCM,Sales, 13.7 ," 8,221 "
,,,,,,,,,,,,,,,,,,,,,,,,,,TCM,PT, 24.4 ," 10,027 "
,,,,,,,,,,,,,,,,,,,,,,,,,,TCM,Hypoxi, 2.8 ," 1,006 "
,,,,,,,,,,,,,,,,,,,,,,,,,,TCM,GX, 7.2 , 932 
,,,,,,,,,,,,,,,,,,,,,,,,,,TCM,Yoga, 3.9 ," 3,708 "
,,,,,,,,,,,,,,,,,,,,,,,,,,TCM,MS, 17.3 ," 7,114 "
,,,,,,,,,,,,,,,,,,,,,,,,,,TCM,CMO, 1.4 , 863 
,,,,,,,,,,,,,,,,,,,,,,,,,,TCM,CALIFRESH, 4.2 ," 1,422 "
,,,,,,,,,,,,,,,,,,,,,,,,,,,,,
,,,,,,,,,,,,,,,,,,,,,,,,,,DNG,Sales, 12.1 ," 9,100 "
,,,,,,,,,,,,,,,,,,,,,,,,,,DNG,PT, 26.4 ," 10,464 "
,,,,,,,,,,,,,,,,,,,,,,,,,,DNG,Hypoxi, 3.3 ," 1,184 "
,,,,,,,,,,,,,,,,,,,,,,,,,,DNG,GX, 6.0 ," 1,056 "
,,,,,,,,,,,,,,,,,,,,,,,,,,DNG,Yoga, 8.1 ," 7,627 "
,,,,,,,,,,,,,,,,,,,,,,,,,,DNG,MS, 19.1 ," 8,580 "
,,,,,,,,,,,,,,,,,,,,,,,,,,DNG,CMO, 3.0 ," 1,502 "
,,,,,,,,,,,,,,,,,,,,,,,,,,DNG,CALIFRESH, 4.6 ," 1,788 "
,,,,,,,,,,,,,,,,,,,,,,,,,,,,,
,,,,,,,,,,,,,,,,,,,,,,,,,,FDC,Sales, 9.4 ," 5,756 "
,,,,,,,,,,,,,,,,,,,,,,,,,,FDC,PT, 15.5 ," 6,059 "
,,,,,,,,,,,,,,,,,,,,,,,,,,FDC,Hypoxi, -   , -   
,,,,,,,,,,,,,,,,,,,,,,,,,,FDC,GX, 3.7 , 460 
,,,,,,,,,,,,,,,,,,,,,,,,,,FDC,Yoga, 3.4 ," 4,173 "
,,,,,,,,,,,,,,,,,,,,,,,,,,FDC,MS, 12.4 ," 5,769 "
,,,,,,,,,,,,,,,,,,,,,,,,,,FDC,CMO, 1.2 , 790 
,,,,,,,,,,,,,,,,,,,,,,,,,,FDC,CALIFRESH, 3.1 , 955 
,,,,,,,,,,,,,,,,,,,,,,,,,,,,,
,,,,,,,,,,,,,,,,,,,,,,,,,,TDC,Sales, 7.8 ," 5,113 "
,,,,,,,,,,,,,,,,,,,,,,,,,,TDC,PT, 21.3 ," 10,479 "
,,,,,,,,,,,,,,,,,,,,,,,,,,TDC,Hypoxi, -   , -   
,,,,,,,,,,,,,,,,,,,,,,,,,,TDC,GX, 4.7 , 697 
,,,,,,,,,,,,,,,,,,,,,,,,,,TDC,Yoga, 4.4 ," 3,655 "
,,,,,,,,,,,,,,,,,,,,,,,,,,TDC,MS, 14.0 ," 6,318 "
,,,,,,,,,,,,,,,,,,,,,,,,,,TDC,CMO, 1.2 , 741 
,,,,,,,,,,,,,,,,,,,,,,,,,,TDC,CALIFRESH, 4.5 ," 1,296 "
,,,,,,,,,,,,,,,,,,,,,,,,,,,,,
,,,,,,,,,,,,,,,,,,,,,,,,,,BDS,Sales, 7.8 ," 4,403 "
,,,,,,,,,,,,,,,,,,,,,,,,,,BDS,PT, 16.8 ," 6,153 "
,,,,,,,,,,,,,,,,,,,,,,,,,,BDS,Hypoxi, -   , -   
,,,,,,,,,,,,,,,,,,,,,,,,,,BDS,GX, 2.9 , 547 
,,,,,,,,,,,,,,,,,,,,,,,,,,BDS,Yoga, 2.8 ," 2,538 "
,,,,,,,,,,,,,,,,,,,,,,,,,,BDS,MS, 10.4 ," 5,164 "
,,,,,,,,,,,,,,,,,,,,,,,,,,BDS,CMO, 0.8 , 590 
,,,,,,,,,,,,,,,,,,,,,,,,,,BDS,CALIFRESH, 1.7 , 710 
,,,,,,,,,,,,,,,,,,,,,,,,,,,,,
,,,,,,,,,,,,,,,,,,,,,,,,,,VVO,Sales, 13.3 ," 5,668 "
,,,,,,,,,,,,,,,,,,,,,,,,,,VVO,PT, 21.3 ," 10,174 "
,,,,,,,,,,,,,,,,,,,,,,,,,,VVO,Hypoxi, 2.6 ," 1,065 "
,,,,,,,,,,,,,,,,,,,,,,,,,,VVO,GX, 7.5 ," 1,869 "
,,,,,,,,,,,,,,,,,,,,,,,,,,VVO,Yoga, 3.5 ," 4,058 "
,,,,,,,,,,,,,,,,,,,,,,,,,,VVO,MS, 13.8 ," 6,933 "
,,,,,,,,,,,,,,,,,,,,,,,,,,VVO,CMO, 1.7 ," 1,063 "
,,,,,,,,,,,,,,,,,,,,,,,,,,VVO,CALIFRESH, 4.5 ," 1,364 "
,,,,,,,,,,,,,,,,,,,,,,,,,,,,,
,,,,,,,,,,,,,,,,,,,,,,,,,,PBH,Sales, 9.3 ," 6,700 "
,,,,,,,,,,,,,,,,,,,,,,,,,,PBH,PT, 15.2 ," 5,719 "
,,,,,,,,,,,,,,,,,,,,,,,,,,PBH,Hypoxi, -   , -   
,,,,,,,,,,,,,,,,,,,,,,,,,,PBH,GX, 2.9 , 385 
,,,,,,,,,,,,,,,,,,,,,,,,,,PBH,Yoga, 4.6 ," 5,320 "
,,,,,,,,,,,,,,,,,,,,,,,,,,PBH,MS, 11.6 ," 5,491 "
,,,,,,,,,,,,,,,,,,,,,,,,,,PBH,CMO, 0.8 , 590 
,,,,,,,,,,,,,,,,,,,,,,,,,,PBH,CALIFRESH, 3.0 ," 1,104 "
,,,,,,,,,,,,,,,,,,,,,,,,,,,,,
,,,,,,,,,,,,,,,,,,,,,,,,,,NTC,Sales, 8.1 ," 4,040 "
,,,,,,,,,,,,,,,,,,,,,,,,,,NTC,PT, 18.9 ," 8,885 "
,,,,,,,,,,,,,,,,,,,,,,,,,,NTC,Hypoxi, -   , -   
,,,,,,,,,,,,,,,,,,,,,,,,,,NTC,GX, 4.0 ," 1,220 "
,,,,,,,,,,,,,,,,,,,,,,,,,,NTC,Yoga, 3.6 ," 3,502 "
,,,,,,,,,,,,,,,,,,,,,,,,,,NTC,MS, 14.0 ," 6,573 "
,,,,,,,,,,,,,,,,,,,,,,,,,,NTC,CMO, 2.0 ," 1,190 "
,,,,,,,,,,,,,,,,,,,,,,,,,,NTC,CALIFRESH, 3.3 ," 1,386 "
,,,,,,,,,,,,,,,,,,,,,,,,,,,,,
,,,,,,,,,,,,,,,,,,,,,,,,,,CTC,Sales, 14.4 ," 8,860 "
,,,,,,,,,,,,,,,,,,,,,,,,,,CTC,PT, 26.5 ," 12,487 "
,,,,,,,,,,,,,,,,,,,,,,,,,,CTC,Hypoxi, 2.6 , 979 
,,,,,,,,,,,,,,,,,,,,,,,,,,CTC,GX, 5.9 , 791 
,,,,,,,,,,,,,,,,,,,,,,,,,,CTC,Yoga, 4.7 ," 4,810 "
,,,,,,,,,,,,,,,,,,,,,,,,,,CTC,MS, 18.0 ," 8,131 "
,,,,,,,,,,,,,,,,,,,,,,,,,,CTC,CMO, 2.2 ," 1,384 "
,,,,,,,,,,,,,,,,,,,,,,,,,,CTC,CALIFRESH, 4.3 ," 1,463 "
,,,,,,,,,,,,,,,,,,,,,,,,,,,,,
,,,,,,,,,,,,,,,,,,,,,,,,,,PCH,Sales, 13.7 ," 10,364 "
,,,,,,,,,,,,,,,,,,,,,,,,,,PCH,PT, 12.9 ," 6,240 "
,,,,,,,,,,,,,,,,,,,,,,,,,,PCH,Hypoxi, -   , -   
,,,,,,,,,,,,,,,,,,,,,,,,,,PCH,GX, 5.9 , 766 
,,,,,,,,,,,,,,,,,,,,,,,,,,PCH,Yoga, 2.4 ," 2,460 "
,,,,,,,,,,,,,,,,,,,,,,,,,,PCH,MS, 13.5 ," 6,049 "
,,,,,,,,,,,,,,,,,,,,,,,,,,PCH,CMO, 1.2 , 792 
,,,,,,,,,,,,,,,,,,,,,,,,,,PCH,CALIFRESH, 2.1 , 713 
,,,,,,,,,,,,,,,,,,,,,,,,,,,,,
,,,,,,,,,,,,,,,,,,,,,,,,,,AMY,Sales, 7.9 ," 5,573 "
,,,,,,,,,,,,,,,,,,,,,,,,,,AMY,PT, 12.5 ," 7,610 "
,,,,,,,,,,,,,,,,,,,,,,,,,,AMY,Hypoxi, -   , -   
,,,,,,,,,,,,,,,,,,,,,,,,,,AMY,GX, 2.7 , 168 
,,,,,,,,,,,,,,,,,,,,,,,,,,AMY,Yoga, 3.9 ," 3,679 "
,,,,,,,,,,,,,,,,,,,,,,,,,,AMY,MS, 11.1 ," 5,243 "
,,,,,,,,,,,,,,,,,,,,,,,,,,AMY,CMO, 1.2 , 754 
,,,,,,,,,,,,,,,,,,,,,,,,,,AMY,CALIFRESH, 3.4 ," 1,201 "
,,,,,,,,,,,,,,,,,,,,,,,,,,,,,
,,,,,,,,,,,,,,,,,,,,,,,,,,MPC,Sales, 9.4 ," 6,711 "
,,,,,,,,,,,,,,,,,,,,,,,,,,MPC,PT, 17.4 ," 8,415 "
,,,,,,,,,,,,,,,,,,,,,,,,,,MPC,Hypoxi, 2.8 , 954 
,,,,,,,,,,,,,,,,,,,,,,,,,,MPC,GX, 9.2 ," 1,885 "
,,,,,,,,,,,,,,,,,,,,,,,,,,MPC,Yoga, 3.1 ," 3,019 "
,,,,,,,,,,,,,,,,,,,,,,,,,,MPC,MS, 13.1 ," 6,953 "
,,,,,,,,,,,,,,,,,,,,,,,,,,MPC,CMO, 0.9 , 596 
,,,,,,,,,,,,,,,,,,,,,,,,,,MPC,CALIFRESH, 1.7 , 838 
,,,,,,,,,,,,,,,,,,,,,,,,,,,,,
,,,,,,,,,,,,,,,,,,,,,,,,,,HDY,Sales, 13.9 ," 7,850 "
,,,,,,,,,,,,,,,,,,,,,,,,,,HDY,PT, 15.4 ," 7,288 "
,,,,,,,,,,,,,,,,,,,,,,,,,,HDY,Hypoxi, -   , -   
,,,,,,,,,,,,,,,,,,,,,,,,,,HDY,GX, 2.8 , 300 
,,,,,,,,,,,,,,,,,,,,,,,,,,HDY,Yoga, 3.7 ," 3,715 "
,,,,,,,,,,,,,,,,,,,,,,,,,,HDY,MS, 7.4 ," 3,634 "
,,,,,,,,,,,,,,,,,,,,,,,,,,HDY,CMO, 1.2 , 792 
,,,,,,,,,,,,,,,,,,,,,,,,,,HDY,CALIFRESH, 2.3 , 892 
,,,,,,,,,,,,,,,,,,,,,,,,,,,,,
,,,,,,,,,,,,,,,,,,,,,,,,,,TDU,Sales, 11.8 ," 6,825 "
,,,,,,,,,,,,,,,,,,,,,,,,,,TDU,PT, 36.0 ," 17,095 "
,,,,,,,,,,,,,,,,,,,,,,,,,,TDU,Hypoxi, 1.6 , 742 
,,,,,,,,,,,,,,,,,,,,,,,,,,TDU,GX, 4.5 ," 1,225 "
,,,,,,,,,,,,,,,,,,,,,,,,,,TDU,Yoga, 6.8 ," 7,671 "
,,,,,,,,,,,,,,,,,,,,,,,,,,TDU,MS, 16.5 ," 8,801 "
,,,,,,,,,,,,,,,,,,,,,,,,,,TDU,CMO, 0.7 , 505 
,,,,,,,,,,,,,,,,,,,,,,,,,,TDU,CALIFRESH, 4.9 ," 1,611 "
,,,,,,,,,,,,,,,,,,,,,,,,,,,,,
,,,,,,,,,,,,,,,,,,,,,,,,,,GVC,Sales, 9.3 ," 4,567 "
,,,,,,,,,,,,,,,,,,,,,,,,,,GVC,PT, 12.7 ," 6,238 "
,,,,,,,,,,,,,,,,,,,,,,,,,,GVC,Hypoxi, -   , -   
,,,,,,,,,,,,,,,,,,,,,,,,,,GVC,GX, 4.4 , 597 
,,,,,,,,,,,,,,,,,,,,,,,,,,GVC,Yoga, 4.6 ," 3,648 "
,,,,,,,,,,,,,,,,,,,,,,,,,,GVC,MS, 11.8 ," 5,775 "
,,,,,,,,,,,,,,,,,,,,,,,,,,GVC,CMO, 0.7 , 505 
,,,,,,,,,,,,,,,,,,,,,,,,,,GVC,CALIFRESH, 3.8 ," 1,369 "
,,,,,,,,,,,,,,,,,,,,,,,,,,,,,
,,,,,,,,,,,,,,,,,,,,,,,,,,WPC,Sales, 12.4 ," 11,399 "
,,,,,,,,,,,,,,,,,,,,,,,,,,WPC,PT, 20.4 ," 8,579 "
,,,,,,,,,,,,,,,,,,,,,,,,,,WPC,Hypoxi, 5.8 ," 2,482 "
,,,,,,,,,,,,,,,,,,,,,,,,,,WPC,GX, 5.0 , 770 
,,,,,,,,,,,,,,,,,,,,,,,,,,WPC,Yoga, 3.5 ," 3,632 "
,,,,,,,,,,,,,,,,,,,,,,,,,,WPC,MS, 17.8 ," 8,574 "
,,,,,,,,,,,,,,,,,,,,,,,,,,WPC,CMO, 0.9 , 596 
,,,,,,,,,,,,,,,,,,,,,,,,,,WPC,CALIFRESH, 2.9 ," 1,042 "
,,,,,,,,,,,,,,,,,,,,,,,,,,,,,
,,,,,,,,,,,,,,,,,,,,,,,,,,HDC,Sales, 8.4 ," 5,103 "
,,,,,,,,,,,,,,,,,,,,,,,,,,HDC,PT, 16.4 ," 6,720 "
,,,,,,,,,,,,,,,,,,,,,,,,,,HDC,Hypoxi, -   , -   
,,,,,,,,,,,,,,,,,,,,,,,,,,HDC,GX, 5.6 , 837 
,,,,,,,,,,,,,,,,,,,,,,,,,,HDC,Yoga, 3.4 ," 3,689 "
,,,,,,,,,,,,,,,,,,,,,,,,,,HDC,MS, 16.4 ," 7,956 "
,,,,,,,,,,,,,,,,,,,,,,,,,,HDC,CMO, 1.9 ," 1,314 "
,,,,,,,,,,,,,,,,,,,,,,,,,,HDC,CALIFRESH, 3.1 ," 1,139 "
,,,,,,,,,,,,,,,,,,,,,,,,,,,,,
,,,,,,,,,,,,,,,,,,,,,,,,,,LMC,Sales, 18.9 ," 10,822 "
,,,,,,,,,,,,,,,,,,,,,,,,,,LMC,PT, 27.8 ," 13,300 "
,,,,,,,,,,,,,,,,,,,,,,,,,,LMC,Hypoxi, 2.6 , 985 
,,,,,,,,,,,,,,,,,,,,,,,,,,LMC,GX, 4.3 , 431 
,,,,,,,,,,,,,,,,,,,,,,,,,,LMC,Yoga, 4.0 ," 3,647 "
,,,,,,,,,,,,,,,,,,,,,,,,,,LMC,MS, 14.6 ," 7,885 "
,,,,,,,,,,,,,,,,,,,,,,,,,,LMC,CMO, 1.7 ," 1,063 "
,,,,,,,,,,,,,,,,,,,,,,,,,,LMC,CALIFRESH, 4.2 ," 1,278 "
,,,,,,,,,,,,,,,,,,,,,,,,,,,,,
,,,,,,,,,,,,,,,,,,,,,,,,,,GDC,Sales, 6.8 ," 4,555 "
,,,,,,,,,,,,,,,,,,,,,,,,,,GDC,PT, 39.3 ," 16,863 "
,,,,,,,,,,,,,,,,,,,,,,,,,,GDC,Hypoxi, -   , -   
,,,,,,,,,,,,,,,,,,,,,,,,,,GDC,GX, 3.7 , 881 
,,,,,,,,,,,,,,,,,,,,,,,,,,GDC,Yoga, 1.9 ," 1,878 "
,,,,,,,,,,,,,,,,,,,,,,,,,,GDC,MS, 11.2 ," 5,581 "
,,,,,,,,,,,,,,,,,,,,,,,,,,GDC,CMO, 1.2 , 773 
,,,,,,,,,,,,,,,,,,,,,,,,,,GDC,CALIFRESH, 4.0 ," 1,522 "
,,,,,,,,,,,,,,,,,,,,,,,,,,,,,
,,,,,,,,,,,,,,,,,,,,,,,,,,GMC,Sales, 10.9 ," 5,857 "
,,,,,,,,,,,,,,,,,,,,,,,,,,GMC,PT, 14.3 ," 5,497 "
,,,,,,,,,,,,,,,,,,,,,,,,,,GMC,Hypoxi, 1.6 , 646 
,,,,,,,,,,,,,,,,,,,,,,,,,,GMC,GX, 4.0 , 341 
,,,,,,,,,,,,,,,,,,,,,,,,,,GMC,Yoga, 3.7 ," 3,496 "
,,,,,,,,,,,,,,,,,,,,,,,,,,GMC,MS, 11.4 ," 5,971 "
,,,,,,,,,,,,,,,,,,,,,,,,,,GMC,CMO, 1.2 , 769 
,,,,,,,,,,,,,,,,,,,,,,,,,,GMC,CALIFRESH, 2.7 , 841 
,,,,,,,,,,,,,,,,,,,,,,,,,,,,,
,,,,,,,,,,,,,,,,,,,,,,,,,,VTC,Sales, 6.8 ," 3,745 "
,,,,,,,,,,,,,,,,,,,,,,,,,,VTC,PT, 8.3 ," 2,631 "
,,,,,,,,,,,,,,,,,,,,,,,,,,VTC,Hypoxi, -   , -   
,,,,,,,,,,,,,,,,,,,,,,,,,,VTC,GX, 3.5 ," 1,047 "
,,,,,,,,,,,,,,,,,,,,,,,,,,VTC,Yoga, 2.6 ," 2,538 "
,,,,,,,,,,,,,,,,,,,,,,,,,,VTC,MS, 7.6 ," 4,027 "
,,,,,,,,,,,,,,,,,,,,,,,,,,VTC,CMO, 1.8 ," 1,076 "
,,,,,,,,,,,,,,,,,,,,,,,,,,VTC,CALIFRESH, 4.1 ," 1,344 "
,,,,,,,,,,,,,,,,,,,,,,,,,,,,,
,,,,,,,,,,,,,,,,,,,,,,,,,,MAC,Sales, 8.2 ," 5,065 "
,,,,,,,,,,,,,,,,,,,,,,,,,,MAC,PT, 11.4 ," 5,492 "
,,,,,,,,,,,,,,,,,,,,,,,,,,MAC,Hypoxi, -   , -   
,,,,,,,,,,,,,,,,,,,,,,,,,,MAC,GX, 2.8 , 457 
,,,,,,,,,,,,,,,,,,,,,,,,,,MAC,Yoga, 2.4 ," 1,626 "
,,,,,,,,,,,,,,,,,,,,,,,,,,MAC,MS, 9.8 ," 4,589 "
,,,,,,,,,,,,,,,,,,,,,,,,,,MAC,CMO, 1.1 , 641 
,,,,,,,,,,,,,,,,,,,,,,,,,,MAC,CALIFRESH, 2.9 , 905 
,,,,,,,,,,,,,,,,,,,,,,,,,,,,,
,,,,,,,,,,,,,,,,,,,,,,,,,,AMU,Sales, 8.8 ," 4,375 "
,,,,,,,,,,,,,,,,,,,,,,,,,,AMU,PT, 11.7 ," 6,102 "
,,,,,,,,,,,,,,,,,,,,,,,,,,AMU,Hypoxi, -   , -   
,,,,,,,,,,,,,,,,,,,,,,,,,,AMU,GX, 4.3 , 297 
,,,,,,,,,,,,,,,,,,,,,,,,,,AMU,Yoga, 1.5 ," 1,375 "
,,,,,,,,,,,,,,,,,,,,,,,,,,AMU,MS, 10.7 ," 4,563 "
,,,,,,,,,,,,,,,,,,,,,,,,,,AMU,CMO, 1.2 , 773 
,,,,,,,,,,,,,,,,,,,,,,,,,,AMU,CALIFRESH, 4.1 ," 1,220 "
,,,,,,,,,,,,,,,,,,,,,,,,,,,,,
,,,,,,,,,,,,,,,,,,,,,,,,,,VSC,Sales, 7.4 ," 3,339 "
,,,,,,,,,,,,,,,,,,,,,,,,,,VSC,PT, 14.4 ," 7,362 "
,,,,,,,,,,,,,,,,,,,,,,,,,,VSC,Hypoxi, -   , -   
,,,,,,,,,,,,,,,,,,,,,,,,,,VSC,GX, 3.3 , 444 
,,,,,,,,,,,,,,,,,,,,,,,,,,VSC,Yoga, 2.3 ," 2,536 "
,,,,,,,,,,,,,,,,,,,,,,,,,,VSC,MS, 10.2 ," 5,220 "
,,,,,,,,,,,,,,,,,,,,,,,,,,VSC,CMO, 1.2 , 792 
,,,,,,,,,,,,,,,,,,,,,,,,,,VSC,CALIFRESH, 2.9 ," 1,005 "
,,,,,,,,,,,,,,,,,,,,,,,,,,,,,
,,,,,,,,,,,,,,,,,,,,,,,,,,TTC,Sales, 6.9 ," 3,939 "
,,,,,,,,,,,,,,,,,,,,,,,,,,TTC,PT, 38.0 ," 15,775 "
,,,,,,,,,,,,,,,,,,,,,,,,,,TTC,Hypoxi, 3.6 ," 1,149 "
,,,,,,,,,,,,,,,,,,,,,,,,,,TTC,GX, 6.5 , 796 
,,,,,,,,,,,,,,,,,,,,,,,,,,TTC,Yoga, 4.4 ," 4,726 "
,,,,,,,,,,,,,,,,,,,,,,,,,,TTC,MS, 14.8 ," 7,535 "
,,,,,,,,,,,,,,,,,,,,,,,,,,TTC,CMO, 1.2 , 790 
,,,,,,,,,,,,,,,,,,,,,,,,,,TTC,CALIFRESH, 3.9 ," 1,351 "
,,,,,,,,,,,,,,,,,,,,,,,,,,,,,
,,,,,,,,,,,,,,,,,,,,,,,,,,,,,
,,,,,,,,,,,,,,,,,,,,,,,,,,,,,
,,,,,,,,,,,,,,,,,,,,,,,,,,,,,
,,,,,,,,,,,,,,,,,,,,,,,,,,,,,
,,,,,,,,,,,,,,,,,,,,,,,,,,,,,
,,,,,,,,,,,,,,,,,,,,,,,,,,,,,
,,,,,,,,,,,,,,,,,,,,,,,,,,,,,
,,,,,,,,,,,,,,,,,,,,,,,,,,,,,
